Start URL,Category,Product,Price,Slash Price,Details Link
https://jgut.jayagrocer.com/collections/non-halal-food-cupboard,Non-Halal Food Cupboard,[NON-HALAL] Tulip Pork Luncheon Meat 340g,RM 16.00,,https://jgut.jayagrocer.com/products/tulip-danish-pork-luncheon-meat-340g-1?variant=40939419959457
https://jgut.jayagrocer.com/collections/non-halal-food-cupboard,Non-Halal Food Cupboard,[NON-HALAL] Golden Bridge Pork Luncheon Meat Original Flavour 340g,RM 18.00,,https://jgut.jayagrocer.com/products/golden-bridge-pork-luncheon-meat-original-340g-1?variant=40940403654817
https://jgut.jayagrocer.com/collections/non-halal-food-cupboard,Non-Halal Food Cupboard,[NON-HALAL] Daesang Hot Pepper Bean Paste 500g,RM 18.90,,https://jgut.jayagrocer.com/products/daesang-sunchang-gochujang-hot-pepper-paste-500g-1?variant=40939538120865
https://jgut.jayagrocer.com/collections/non-halal-food-cupboard,Non-Halal Food Cupboard,[Non-Halal] Kikkoman Teriyaki Marinade Honey & Soy Sauce 250ml,RM 17.90,,https://jgut.jayagrocer.com/products/kikkoman-teriyaki-marinade-h-soy-250ml-1?variant=40939244519585
https://jgut.jayagrocer.com/collections/non-halal-food-cupboard,Non-Halal Food Cupboard,[NON-HALAL] Lotte Luncheon Meat 340g,RM 14.50,,https://jgut.jayagrocer.com/products/lotte-pork-luncheon-meat-340g?variant=43820847497377
https://jgut.jayagrocer.com/collections/non-halal-food-cupboard,Non-Halal Food Cupboard,[NON-HALAL] Marukome Boy Kun Koshi Miso Paste 650g,RM 15.50,,https://jgut.jayagrocer.com/products/marukome-kun-koshi-650g-1?variant=40939407507617
https://jgut.jayagrocer.com/collections/non-halal-food-cupboard,Non-Halal Food Cupboard,[NON HALAL] Maille Wholegrain Mustard 210g,RM 15.90,,https://jgut.jayagrocer.com/products/maille-wholegrain-mustard-210g-1?variant=40939301044385
https://jgut.jayagrocer.com/collections/non-halal-food-cupboard,Non-Halal Food Cupboard,[NON-HALAL] Tulip Pork Luncheon Meat With Bacon 340g,RM 21.20,,https://jgut.jayagrocer.com/products/tulip-pork-luncheon-meat-with-bacon-340g-1?variant=40939419926689
https://jgut.jayagrocer.com/collections/non-halal-food-cupboard,Non-Halal Food Cupboard,[Non-Halal] Kikkoman Milder Soy Sauce 600ml,RM 23.60,,https://jgut.jayagrocer.com/products/kikkoman-milder-soy-sauce-600ml-1?variant=40939390173345
https://jgut.jayagrocer.com/collections/non-halal-food-cupboard,Non-Halal Food Cupboard,[NON-HALAL] Gulong Pork Luncheon Meat 360g,RM 13.00,,https://jgut.jayagrocer.com/products/non-halal-gulong-pork-luncheon-meat-360g?variant=44786987434145
https://jgut.jayagrocer.com/collections/non-halal-food-cupboard,Non-Halal Food Cupboard,[NON-HALAL] Marukome Sokuseki Ikkyusan Instant Miso Soup 218g,RM 15.90,,https://jgut.jayagrocer.com/products/marukome-sokuseki-ikkyusan-12pk-280g-1?variant=40939514560673
https://jgut.jayagrocer.com/collections/non-halal-food-cupboard,Non-Halal Food Cupboard,[NON-HALAL] Gulong Stewed Pork Slices 383g,RM 20.70,,https://jgut.jayagrocer.com/products/gulong-stewed-pork-slices-383g?variant=43814336364705
https://jgut.jayagrocer.com/collections/non-halal-food-cupboard,Non-Halal Food Cupboard,[NON-HALAL] Hormel Spam Luncheon Meat with Bacon 340g,RM 28.90,,https://jgut.jayagrocer.com/products/hormel-spam-luncheon-meat-with-bacon-340g?variant=43835992309921
https://jgut.jayagrocer.com/collections/non-halal-food-cupboard,Non-Halal Food Cupboard,[Non-Halal] Queen Organic Vanilla Bean Paste with Vanilla Seeds 140g,RM 86.25,,https://jgut.jayagrocer.com/products/queen-ogn-vanil-b-paste-w-v-seeds-140g-1?variant=41763749232801
https://jgut.jayagrocer.com/collections/non-halal-food-cupboard,Non-Halal Food Cupboard,[NON-HALAL] Gulong Spice Pork Cube 142g,RM 10.90,,https://jgut.jayagrocer.com/products/non-halal-gulong-spice-pork-cube-142g?variant=44007439827105
https://jgut.jayagrocer.com/collections/non-halal-food-cupboard,Non-Halal Food Cupboard,[NON-HALAL] Ritter Sport Rum-Rasin and Hazelnut Chocolate Bar 100g,RM 16.90,,https://jgut.jayagrocer.com/products/non-halal-ritter-sport-rum-rasin-and-hazelnut-chocolate-bar-100g?variant=44568738168993
https://jgut.jayagrocer.com/collections/non-halal-food-cupboard,Non-Halal Food Cupboard,[NON-HALAL] Marukome Sokuseki Ikkyusan 188g,RM 15.50,,https://jgut.jayagrocer.com/products/non-halal-marukome-sokuseki-ikkyusan-188g?variant=44769484079265
https://jgut.jayagrocer.com/collections/non-halal-food-cupboard,Non-Halal Food Cupboard,[NON-HALAL] Tulip Luncheon Meat Jamonilla 300g,RM 18.00,,https://jgut.jayagrocer.com/products/tulip-luncheon-meat-jamonilla-300g?variant=43885400129697
https://jgut.jayagrocer.com/collections/bakery,Bakery,Baby Bun 10pcs/pack,RM 5.30,,https://jgut.jayagrocer.com/products/baby-bun-10-pcs?variant=40939978981537
https://jgut.jayagrocer.com/collections/bakery,Bakery,Sugar Ring Doughnut,RM 2.50,,https://jgut.jayagrocer.com/products/sugar-ring-doughnut-5pcs-pack-1?variant=40940014207137
https://jgut.jayagrocer.com/collections/bakery,Bakery,Premium Marble Cake 1unit,RM 15.90,,https://jgut.jayagrocer.com/products/premium-marble-cake-1-pc-1?variant=40940012175521
https://jgut.jayagrocer.com/collections/bakery,Bakery,Butter Croissant,RM 4.20,,https://jgut.jayagrocer.com/products/butter-croissant-4pcs-pack?variant=44815423013025
https://jgut.jayagrocer.com/collections/bakery,Bakery,Brioche 1unit,RM 13.90,,https://jgut.jayagrocer.com/products/brioche-1-pc-1?variant=40940209897633
https://jgut.jayagrocer.com/collections/bakery,Bakery,Chicken Sausage Bun,RM 9.90,,https://jgut.jayagrocer.com/products/chicken-sausage-bun-4pcs-pack?variant=43843340370081
https://jgut.jayagrocer.com/collections/bakery,Bakery,Swiss Roll Pandan 1unit,RM 12.90,,https://jgut.jayagrocer.com/products/swiss-roll-pandan-1unit?variant=44680492581025
https://jgut.jayagrocer.com/collections/bakery,Bakery,Sesame Baguette 1unit,RM 7.20,,https://jgut.jayagrocer.com/products/sesame-baguette-1-pc-1?variant=40939966562465
https://jgut.jayagrocer.com/collections/bakery,Bakery,Cranberry Swiss Roll 1unit,RM 12.90,,https://jgut.jayagrocer.com/products/cranberry-swiss-roll-1unit?variant=44949939749025
https://jgut.jayagrocer.com/collections/bakery,Bakery,Caramel Cranberry Cream Cheese,RM 14.50,,https://jgut.jayagrocer.com/products/caramel-cranberry-cream-cheese-4pcs-pack?variant=43229760192673
https://jgut.jayagrocer.com/collections/bakery,Bakery,Chicken Cheese Pie (Big) 1unit,RM 6.40,,https://jgut.jayagrocer.com/products/chicken-cheese-pie-big-1unit?variant=44786987794593
https://jgut.jayagrocer.com/collections/bakery,Bakery,Anpan (Red Bean) 3pcs/pack,RM 6.00,,https://jgut.jayagrocer.com/products/anpan-red-bean-3pcs-pack?variant=43814531661985
https://jgut.jayagrocer.com/collections/bakery,Bakery,Blueberries Muffin 1 pc,RM 12.90,,https://jgut.jayagrocer.com/products/blueberries-muffin-1-pc-1?variant=40939993563297
https://jgut.jayagrocer.com/collections/bakery,Bakery,Portuguese Egg Tart,RM 3.50,,https://jgut.jayagrocer.com/products/portuguese-egg-tart?variant=44950436282529
https://jgut.jayagrocer.com/collections/bakery,Bakery,Sourdough Bread 1unit,RM 10.90,,https://jgut.jayagrocer.com/products/sourdough-bread-1unit?variant=43353103466657
https://jgut.jayagrocer.com/collections/bakery,Bakery,Plain Butter Roll 5pcs/pack,RM 5.30,,https://jgut.jayagrocer.com/products/plain-butter-roll-5-pcs-1?variant=40940118474913
https://jgut.jayagrocer.com/collections/bakery,Bakery,8 Grain Bread 1unit,RM 8.30,,https://jgut.jayagrocer.com/products/8-grain-bread-320g-1?variant=40939965579425
https://jgut.jayagrocer.com/collections/bakery,Bakery,Raisin Scone 3pcs/pack,RM 7.00,,https://jgut.jayagrocer.com/products/raisin-scone-3pcs-pack-1?variant=40939966267553
https://jgut.jayagrocer.com/collections/bakery,Bakery,French Loaf 1unit,RM 4.90,,https://jgut.jayagrocer.com/products/french-loaf-1pc-1?variant=43353103204513
https://jgut.jayagrocer.com/collections/bakery,Bakery,Foccacia Bread 3pcs/pack,RM 6.90,,https://jgut.jayagrocer.com/products/foccacia-bread-3pcs-pack-1?variant=43353103827105
https://jgut.jayagrocer.com/collections/bakery,Bakery,Cheese Loaf 1unit,RM 8.90,,https://jgut.jayagrocer.com/products/cheese-loaf-1-pc-1?variant=40940111003809
https://jgut.jayagrocer.com/collections/bakery,Bakery,Swiss Roll Chocolate Chips 1unit,RM 12.90,,https://jgut.jayagrocer.com/products/swiss-roll-chocolate-chips-1unit?variant=44643057500321
https://jgut.jayagrocer.com/collections/bakery,Bakery,Chiffon Cake Pandan (Big) 1pack,RM 12.90,,https://jgut.jayagrocer.com/products/chiffon-cake-pandan-big-1pack?variant=44911359721633
https://jgut.jayagrocer.com/collections/bakery,Bakery,Raisin Loaf 1unit,RM 7.50,,https://jgut.jayagrocer.com/products/raisin-loaf-1-pc-1?variant=40939967643809
https://jgut.jayagrocer.com/collections/bakery,Bakery,Artisan Baguette 1unit,RM 7.50,,https://jgut.jayagrocer.com/products/artisan-baguette-1-pc-1?variant=40940164710561
https://jgut.jayagrocer.com/collections/bakery,Bakery,Ciabatta 1unit,RM 5.90,,https://jgut.jayagrocer.com/products/ciabatta-1-pc-1?variant=40939967512737
https://jgut.jayagrocer.com/collections/bakery,Bakery,Butter Roll 1pack,RM 5.50,,https://jgut.jayagrocer.com/products/butter-roll-4pcs-pack?variant=43353103270049
https://jgut.jayagrocer.com/collections/bakery,Bakery,Cheese Rolls 1pack,RM 5.90,,https://jgut.jayagrocer.com/products/cheese-rolls-4pcs-pack?variant=43836159099041
https://jgut.jayagrocer.com/collections/bakery,Bakery,Wholemeal Baguette 1unit,RM 7.50,,https://jgut.jayagrocer.com/products/wholemeal-baguette-1-pc-1?variant=44534911893665
https://jgut.jayagrocer.com/collections/bakery,Bakery,English Muffin 3pcs/pack,RM 5.50,,https://jgut.jayagrocer.com/products/english-muffin-1pack-1?variant=40940083937441
https://jgut.jayagrocer.com/collections/bakery,Bakery,Country Oven Multiseed Bread 1unit,RM 8.90,,https://jgut.jayagrocer.com/products/country-oven-multiseed-bread-1-pc-1?variant=40939965939873
https://jgut.jayagrocer.com/collections/bakery,Bakery,Soft Sourdough 1unit,RM 9.90,,https://jgut.jayagrocer.com/products/soft-sourdough-1unit?variant=44873970253985
https://jgut.jayagrocer.com/collections/bakery,Bakery,Artisan Raisin & Cranberry 1unit,RM 10.90,,https://jgut.jayagrocer.com/products/artisan-raisin-cranberry-1-pc-1?variant=40940166217889
https://jgut.jayagrocer.com/collections/bakery,Bakery,Country Herb Baguette 1unit,RM 7.00,,https://jgut.jayagrocer.com/products/country-herb-baguette-1pc?variant=43836158804129
https://jgut.jayagrocer.com/collections/bakery,Bakery,Wholemeal English Muffin 3pcs/pack,RM 5.50,,https://jgut.jayagrocer.com/products/wholemeal-english-muffins-3pcs?variant=40939491459233
https://jgut.jayagrocer.com/collections/bakery,Bakery,Premium Butter Cake 1unit,RM 15.90,,https://jgut.jayagrocer.com/products/premium-butter-cake-1-pc-1?variant=40940012044449
https://jgut.jayagrocer.com/collections/bakery,Bakery,Butter Loaf 1unit,RM 7.90,,https://jgut.jayagrocer.com/products/butter-loaf-1-pc-1?variant=40940110839969
https://jgut.jayagrocer.com/collections/breakfast,Breakfast,Capilano Twist And Squeeze Pure Australian Honey 400g,RM 22.50,,https://jgut.jayagrocer.com/products/capilano-pure-australian-honey-400g-1?variant=40939276533921
https://jgut.jayagrocer.com/collections/breakfast,Breakfast,Kelloggs Cornflakes Jumbo 500g,RM 15.90,,https://jgut.jayagrocer.com/products/kellogg-s-corn-flakes-cereal-500g-1?variant=40939580194977
https://jgut.jayagrocer.com/collections/breakfast,Breakfast,Quaker Instant Oatmeal 800g,RM 10.50,,https://jgut.jayagrocer.com/products/quaker-instant-oatmeal-800g-1?variant=40939419730081
https://jgut.jayagrocer.com/collections/breakfast,Breakfast,Pristine Rolled Oat 750g,RM 9.50,,https://jgut.jayagrocer.com/products/pristine-rolled-oat-750g-1?variant=40939413602465
https://jgut.jayagrocer.com/collections/breakfast,Breakfast,Ferrero Nutella Hazelnut Spread with Cocoa 350g,RM 20.90,,https://jgut.jayagrocer.com/products/ferrero-nutella-hazelnut-spread-with-cocoa-350g-1?variant=40940206194849
https://jgut.jayagrocer.com/collections/breakfast,Breakfast,Pristine Quick Oats 750g,RM 9.50,,https://jgut.jayagrocer.com/products/pristine-quick-oats-750g-1?variant=40939413536929
https://jgut.jayagrocer.com/collections/breakfast,Breakfast,Nestle Koko Krunch Cereal 450g,RM 17.50,,https://jgut.jayagrocer.com/products/nestle-koko-krunch-cereal-500g-1?variant=40939199234209
https://jgut.jayagrocer.com/collections/breakfast,Breakfast,Chivers Strawberry Jam 340g,RM 13.10,,https://jgut.jayagrocer.com/products/chivers-strawberry-jam-340g-1?variant=40939428905121
https://jgut.jayagrocer.com/collections/breakfast,Breakfast,CED Squeeze Pure Honey 500g,RM 14.00,,https://jgut.jayagrocer.com/products/ced-squeeze-pure-honey-500g-1?variant=40939273650337
https://jgut.jayagrocer.com/collections/breakfast,Breakfast,St. Dalfour Strawberry Jam Spread 284g,RM 15.90,,https://jgut.jayagrocer.com/products/st-dalfour-strawberry-jam-spread-284g-1?variant=40939237507233
https://jgut.jayagrocer.com/collections/breakfast,Breakfast,Sanitarium Weet-Bix Breakfast Cereal 375g,RM 11.90,,https://jgut.jayagrocer.com/products/sanitarium-weet-bix-breakfast-cereal-375g?variant=40939413307553
https://jgut.jayagrocer.com/collections/breakfast,Breakfast,St Dalfour Strawberry Jam 500g,RM 23.40,,https://jgut.jayagrocer.com/products/st-dalfour-strawberry-jam-500g-1?variant=40940373541025
https://jgut.jayagrocer.com/collections/breakfast,Breakfast,Tuscan Portabello Breakfast Mushroom 250g,RM 12.50,,https://jgut.jayagrocer.com/products/tuscan-portabello-breakfast-mushroom-250g-1?variant=40939870519457
https://jgut.jayagrocer.com/collections/breakfast,Breakfast,Kelloggs Fun Pack Breakfast Cereal 170g,RM 12.00,,https://jgut.jayagrocer.com/products/kellogg-s-cereal-fun-pack-170g-x-6packs-1?variant=40939441815713
https://jgut.jayagrocer.com/collections/breakfast,Breakfast,Kelloggs Froot Loop Breakfast Cereal 285g,RM 14.90,,https://jgut.jayagrocer.com/products/kelloggs-froot-loops-cereal-300g?variant=40940358533281
https://jgut.jayagrocer.com/collections/breakfast,Breakfast,Kelloggs Cocoa Pop Breakfast Cereal 350g,RM 14.90,,https://jgut.jayagrocer.com/products/kellogg-s-coco-pops-cereal-400g-1?variant=40939422646433
https://jgut.jayagrocer.com/collections/breakfast,Breakfast,Yogood Muesli Bars Blueberry Cranberry 138g,RM 15.20,,https://jgut.jayagrocer.com/products/yogood-muesli-bars-blueberry-cranberry-138g-1?variant=40939916951713
https://jgut.jayagrocer.com/collections/breakfast,Breakfast,Quaker 3 in 1 Vital Chocolate Cereal Drink 28g x 15,RM 12.20,,https://jgut.jayagrocer.com/products/quaker-qvital-chocolate-15sx28g-1?variant=40939722244257
https://jgut.jayagrocer.com/collections/breakfast,Breakfast,Nestle Honey Stars Cereal 300g,RM 12.90,,https://jgut.jayagrocer.com/products/nestle-honey-stars-cereal-300g-1?variant=40939220664481
https://jgut.jayagrocer.com/collections/breakfast,Breakfast,Nestle Koko Krunch Cereal 300g,RM 12.90,,https://jgut.jayagrocer.com/products/nestle-koko-krunch-cereal-330g-1?variant=40939199037601
https://jgut.jayagrocer.com/collections/breakfast,Breakfast,Dollee Pandan Kaya Coconut Spread 330g,RM 12.80,,https://jgut.jayagrocer.com/products/dollee-pandan-kaya-coconut-spread-400g-1?variant=40939543363745
https://jgut.jayagrocer.com/collections/breakfast,Breakfast,Carmans Original Recipe Muesli 500g,RM 28.90,,https://jgut.jayagrocer.com/products/carman-s-original-fruit-free-muesli-500g-1?variant=42522427392161
https://jgut.jayagrocer.com/collections/breakfast,Breakfast,Brioche 1unit,RM 13.90,,https://jgut.jayagrocer.com/products/brioche-1-pc-1?variant=40940209897633
https://jgut.jayagrocer.com/collections/breakfast,Breakfast,General Mills Cheerios Cereal 340g,RM 31.90,,https://jgut.jayagrocer.com/products/general-mills-cheerios-cereal-340g-1?variant=40939838505121
https://jgut.jayagrocer.com/collections/breakfast,Breakfast,Ferrero Nutella  Spread 680g,RM 38.90,,https://jgut.jayagrocer.com/products/ferrero-nutella-hazelnut-spread-with-cocoa-680g-1?variant=40940206555297
https://jgut.jayagrocer.com/collections/breakfast,Breakfast,Chivers English Orange Marmalade 340g,RM 13.10,,https://jgut.jayagrocer.com/products/chivers-english-orange-marmalade-jam-340g-1?variant=40939429101729
https://jgut.jayagrocer.com/collections/breakfast,Breakfast,General Mills Cheerios Honey Nuts Whole Grain Oats Cereal 306g,RM 28.90,,https://jgut.jayagrocer.com/products/general-mills-cheerios-honey-nuts-whole-grain-oats-cereal-347g-1?variant=40939838800033
https://jgut.jayagrocer.com/collections/breakfast,Breakfast,Kelloggs Corn Flakes 150g,RM 5.90,,https://jgut.jayagrocer.com/products/kellogg-s-corn-flakes-150g-1?variant=40939228070049
https://jgut.jayagrocer.com/collections/breakfast,Breakfast,Quaker Oats Instant Oatmeal (Pouch) 300g,RM 4.90,,https://jgut.jayagrocer.com/products/quaker-instant-oatmeal-325g-1?variant=40939487985825
https://jgut.jayagrocer.com/collections/breakfast,Breakfast,Mornflake Chocolatey Squares 375g,RM 18.90,,https://jgut.jayagrocer.com/products/mornflake-chocolatey-squares-375g-1?variant=40940489965729
https://jgut.jayagrocer.com/collections/breakfast,Breakfast,St. Dalfour Orange Marmalade Jam 284g,RM 15.90,,https://jgut.jayagrocer.com/products/st-dalfour-orange-marmalade-jam-284g-1?variant=40939237900449
https://jgut.jayagrocer.com/collections/breakfast,Breakfast,Yeos Seri Kaya (Original) 300g,RM 6.50,,https://jgut.jayagrocer.com/products/yeo-s-kaya-300g-1?variant=40939363303585
https://jgut.jayagrocer.com/collections/breakfast,Breakfast,Captain Instant Oatmeal 800g,RM 9.90,,https://jgut.jayagrocer.com/products/captain-instant-oats-foil-pack-800g-1?variant=40939694719137
https://jgut.jayagrocer.com/collections/breakfast,Breakfast,Carman Big Bar Classic Fruit And Nut Muesli Bar 270g,RM 24.90,,https://jgut.jayagrocer.com/products/carman-s-classic-fruit-nut-muesli-bar-270g-1?variant=40939513643169
https://jgut.jayagrocer.com/collections/breakfast,Breakfast,Alpen No Added Sugar Swiss Style Muesli 950g,RM 35.90,,https://jgut.jayagrocer.com/products/alpen-no-added-sugar-swiss-style-muesli-1-1kg-1?variant=40940281135265
https://jgut.jayagrocer.com/collections/breakfast,Breakfast,Skippy Creamy Peanut Butter Spread 500g,RM 19.99,,https://jgut.jayagrocer.com/products/skippy-creamy-peanut-butter-spread-500g?variant=43457233158305
https://jgut.jayagrocer.com/collections/breakfast,Breakfast,Jobbie Creamy Pure Peanut Butter 380g,RM 24.50,,https://jgut.jayagrocer.com/products/jobbie-pure-creamy-pure-peanut-butter-380g-1?variant=40940557500577
https://jgut.jayagrocer.com/collections/breakfast,Breakfast,Quaker Quick Cook Oatmeal 800g,RM 10.50,,https://jgut.jayagrocer.com/products/quaker-quick-cook-oatmeal-800g-1?variant=40939419697313
https://jgut.jayagrocer.com/collections/breakfast,Breakfast,Jobbie Chunky Pure Peanut Butter (No Sugar and Salt) 380g,RM 24.50,,https://jgut.jayagrocer.com/products/jobbie-pure-chunky-pure-peanut-butter-380g-1?variant=40940557336737
https://jgut.jayagrocer.com/collections/breakfast,Breakfast,Sanitarium Weetbix Cereal 575g,RM 17.50,,https://jgut.jayagrocer.com/products/sanitarium-weetbix-cereal-575g-1?variant=40939241996449
https://jgut.jayagrocer.com/collections/breakfast,Breakfast,Amazin's Graze Hazelnut Blackforest Granola 250g,RM 21.20,,https://jgut.jayagrocer.com/products/amazin-graze-hazelnut-blackforest-granola-250g-1?variant=40940282675361
https://jgut.jayagrocer.com/collections/breakfast,Breakfast,Jobbie Chunky Classic Peanut Butter 380g,RM 22.90,,https://jgut.jayagrocer.com/products/jobbie-classic-chunky-peanut-butter-380g-1?variant=40940556714145
https://jgut.jayagrocer.com/collections/breakfast,Breakfast,Dollee Traditional Kaya Coconut Spread 330g,RM 12.80,,https://jgut.jayagrocer.com/products/dollee-traditional-kaya-coconut-spread-400g-1?variant=40939543658657
https://jgut.jayagrocer.com/collections/breakfast,Breakfast,General Mills Cinnamon Toast Crunch Cereal 340g,RM 28.90,,https://jgut.jayagrocer.com/products/general-mills-cinnamon-toast-crunch-cereal-340g-1?variant=40939882872993
https://jgut.jayagrocer.com/collections/breakfast,Breakfast,Ladys Choice Chunky Peanut Butter 500g,RM 19.90,,https://jgut.jayagrocer.com/products/lady-s-choice-chunky-peanut-butter-500g-1?variant=40939206377633
https://jgut.jayagrocer.com/collections/breakfast,Breakfast,[NON-HALAL] General Mills Lucky Charms Cereal 297g,RM 28.90,,https://jgut.jayagrocer.com/products/general-mills-lucky-charms-cereal-297g-1?variant=40939882545313
https://jgut.jayagrocer.com/collections/breakfast,Breakfast,St Dalfour Four Fruits Jam 500g,RM 23.40,,https://jgut.jayagrocer.com/products/st-dalfour-four-fruits-jam-500g-1?variant=40940373115041
https://jgut.jayagrocer.com/collections/breakfast,Breakfast,CED Creamy Peanut Butter Spread 500g,RM 16.50,,https://jgut.jayagrocer.com/products/ced-creamy-peanut-butter-spread-500g-1?variant=40939445649569
https://jgut.jayagrocer.com/collections/breakfast,Breakfast,Ahmad Tea English Breakfast Tagless 100pcs/pack,RM 16.20,,https://jgut.jayagrocer.com/products/ahmad-tea-eng-b-feast-tagless-100t-b-1?variant=40939970429089
https://jgut.jayagrocer.com/collections/breakfast,Breakfast,CED Crunchy Peanut Butter Spread 500g,RM 16.50,,https://jgut.jayagrocer.com/products/ced-crunchy-peanut-butter-spread-500g-1?variant=40939445780641
https://jgut.jayagrocer.com/collections/breakfast,Breakfast,St. Dalfour Blueberry Jam 284g,RM 15.90,,https://jgut.jayagrocer.com/products/st-dalfour-blueberry-jam-284g-1?variant=40939201593505
https://jgut.jayagrocer.com/collections/breakfast,Breakfast,Nestle Milo Cereal 450g,RM 17.50,,https://jgut.jayagrocer.com/products/nestle-milo-cereal-500g-1?variant=40939846205601
https://jgut.jayagrocer.com/collections/breakfast,Breakfast,Milo Breakfast Cereal 300g,RM 12.90,,https://jgut.jayagrocer.com/products/nestle-milo-cereal-330g-1?variant=40939220959393
https://jgut.jayagrocer.com/collections/breakfast,Breakfast,Ferrero Nutella Hazelnut Spread with Cocoa 200g,RM 12.49,,https://jgut.jayagrocer.com/products/ferrero-nutella-hazelnut-spread-with-cocoa-200g-1?variant=40940101107873
https://jgut.jayagrocer.com/collections/breakfast,Breakfast,Jif Extra Crunchy Peanut Butter Spread 454g,RM 19.90,,https://jgut.jayagrocer.com/products/jif-peanut-butter-crunchy-454g-1?variant=40939277156513
https://jgut.jayagrocer.com/collections/breakfast,Breakfast,Captain Instant Oats (Jar) 1kg,RM 13.50,,https://jgut.jayagrocer.com/products/captain-instant-oats-jar-1kg-1?variant=42522418643105
https://jgut.jayagrocer.com/collections/breakfast,Breakfast,Marmite Yeast Extract 410g,RM 37.00,,https://jgut.jayagrocer.com/products/marmite-yeast-extract-470g-1?variant=41437966925985
https://jgut.jayagrocer.com/collections/breakfast,Breakfast,Naturel Soft Margarine 250g,RM 7.90,,https://jgut.jayagrocer.com/products/naturel-soft-margarine-250g-1?variant=40938603708577
https://jgut.jayagrocer.com/collections/breakfast,Breakfast,Capilano Upside Down Pure and Natural Honey 340g,RM 20.90,,https://jgut.jayagrocer.com/products/capilano-pure-natural-honey-340g-1?variant=40939234328737
https://jgut.jayagrocer.com/collections/breakfast,Breakfast,General Mills Cheerios Whole Grain Oats Cereal 252g,RM 28.90,,https://jgut.jayagrocer.com/products/general-mills-cheerios-whole-grain-oats-cereal-252g-1?variant=40939449221281
https://jgut.jayagrocer.com/collections/breakfast,Breakfast,Amazin's Graze Salted Gula Melaka Granola 250g,RM 21.20,,https://jgut.jayagrocer.com/products/amazin-graze-salted-gula-melaka-granola-250g-1?variant=40940282871969
https://jgut.jayagrocer.com/collections/breakfast,Breakfast,Alpen Original Muesli 1.1kg,RM 39.90,,https://jgut.jayagrocer.com/products/alpen-original-muesli-1-3kg-1?variant=40940281266337
https://jgut.jayagrocer.com/collections/breakfast,Breakfast,"Carman's Almond, Cashew, Cranberry, Roasted Nut Bars 175g",RM 24.90,,https://jgut.jayagrocer.com/products/carman-s-almond-cashew-cranberry-nut-bar-175g-1?variant=42522375815329
https://jgut.jayagrocer.com/collections/breakfast,Breakfast,Kelloggs Frosties Breakfast Cereal 300g,RM 14.90,,https://jgut.jayagrocer.com/products/kellogg-s-frosties-cereal-300g-1?variant=40939220762785
https://jgut.jayagrocer.com/collections/breakfast,Breakfast,Coles 6 Nut Bars Chocolate Coated Cereal Bar 210g,RM 13.90,,https://jgut.jayagrocer.com/products/coles-nut-bar-chocolate-coated-210g?variant=41975006560417
https://jgut.jayagrocer.com/collections/breakfast,Breakfast,Chivers Blackcurrant Jam 340g,RM 13.10,,https://jgut.jayagrocer.com/products/chivers-blackcurrant-jam-340g-1?variant=40939428675745
https://jgut.jayagrocer.com/collections/breakfast,Breakfast,Amazin's Graze Banana Bread Granola 250g,RM 21.20,,https://jgut.jayagrocer.com/products/amazin-graze-banana-bread-granola-250g-1?variant=40940283330721
https://jgut.jayagrocer.com/collections/breakfast,Breakfast,Mornflake Crunchy Granola Original 500g,RM 18.50,,https://jgut.jayagrocer.com/products/mornflake-crunchy-granola-original-500g-1?variant=40940150358177
https://jgut.jayagrocer.com/collections/breakfast,Breakfast,Jif Peanut Butter Creamy 454g,RM 19.90,,https://jgut.jayagrocer.com/products/jif-peanut-butter-creamy-454g-1?variant=40939277058209
https://jgut.jayagrocer.com/collections/breakfast,Breakfast,Yogood No Added Sugar Crunchy Peanut Butter 453g,RM 19.50,,https://jgut.jayagrocer.com/products/yogood-no-added-sugar-and-salt-crunchy-peanut-butter-453g?variant=40940082233505
https://jgut.jayagrocer.com/collections/breakfast,Breakfast,Jobbie Creamy Classic Peanut Butter 380g,RM 22.90,,https://jgut.jayagrocer.com/products/jobbie-classic-creamy-peanut-butter-380g-1?variant=40940557107361
https://jgut.jayagrocer.com/collections/breakfast,Breakfast,Kelloggs Mueslix Harvest Fruit  355g,RM 18.50,,https://jgut.jayagrocer.com/products/kellogg-s-harvest-fruit-mueslix-breakfast-cereal-375g-1?variant=40940381470881
https://jgut.jayagrocer.com/collections/breakfast,Breakfast,Bonne Maman Orange Marmalade Jam 370g,RM 19.99,RM 23.90,https://jgut.jayagrocer.com/products/bm-orange-marmalade-jam-370g-1?variant=40940028559521
https://jgut.jayagrocer.com/collections/breakfast,Breakfast,Yogood Chocolate Drizzle Granola Bars 138g,RM 15.20,,https://jgut.jayagrocer.com/products/yogood-chocolate-drizzle-granola-bars-138g-1?variant=43687306723489
https://jgut.jayagrocer.com/collections/breakfast,Breakfast,Carmans Greek Style Yoghurt and Berry Protein Bars 200g,RM 24.90,,https://jgut.jayagrocer.com/products/carman-s-greek-style-yoghurt-berry-gourmet-protein-bar-200g-1?variant=40940292833441
https://jgut.jayagrocer.com/collections/breakfast,Breakfast,Nestle Honey Gold Flakes Cereals 370g,RM 11.90,,https://jgut.jayagrocer.com/products/nestle-honey-gold-flakes-cereals-370g-1?variant=40940078825633
https://jgut.jayagrocer.com/collections/breakfast,Breakfast,Skippy Peanut Butter Spread Super Chunk 500g,RM 19.99,,https://jgut.jayagrocer.com/products/skippy-peanut-butter-spread-super-chunk-500g?variant=43457233354913
https://jgut.jayagrocer.com/collections/breakfast,Breakfast,Quaker Whole Rolled Oat 800g,RM 11.50,,https://jgut.jayagrocer.com/products/quaker-whole-rolled-oats-800g-1?variant=40940388712609
https://jgut.jayagrocer.com/collections/breakfast,Breakfast,Nestle Koko Krunch Cereal 150g,RM 7.35,,https://jgut.jayagrocer.com/products/nestle-koko-krunch-cereal-170g-1?variant=40939198906529
https://jgut.jayagrocer.com/collections/breakfast,Breakfast,Yogood Chocolate and Nut Crunchy Muesli 320g,RM 15.95,,https://jgut.jayagrocer.com/products/pristine-yogood-chocolate-and-nut-crunchy-muesli-350g-1?variant=40940051169441
https://jgut.jayagrocer.com/collections/breakfast,Breakfast,Yogood No Added Sugar and Salt Smooth Peanut Butter 453g,RM 19.50,,https://jgut.jayagrocer.com/products/yogood-no-added-sugar-and-salt-smooth-peanut-butter-453g?variant=40940082364577
https://jgut.jayagrocer.com/collections/breakfast,Breakfast,Ladys Choice Creamy Peanut Butter 500g,RM 19.90,,https://jgut.jayagrocer.com/products/lady-s-choice-creamy-peanut-butter-500g-1?variant=40939205787809
https://jgut.jayagrocer.com/collections/breakfast,Breakfast,Sante Granola Fruits 350g,RM 13.90,,https://jgut.jayagrocer.com/products/sante-granola-fruits-350g?variant=43842996175009
https://jgut.jayagrocer.com/collections/breakfast,Breakfast,Kokokrunch Cereal Bar 25g x 4,RM 8.80,,https://jgut.jayagrocer.com/products/koko-krunch-cereal-bar-25g-x-5?variant=40943896133793
https://jgut.jayagrocer.com/collections/breakfast,Breakfast,Captain Classic Rolled Oats 800g,RM 9.90,,https://jgut.jayagrocer.com/products/captain-rolled-oats-800g?variant=40940197871777
https://jgut.jayagrocer.com/collections/breakfast,Breakfast,CED Pure Honey 1kg,RM 20.15,,https://jgut.jayagrocer.com/products/ced-pure-honey-1kg-1?variant=40939273683105
https://jgut.jayagrocer.com/collections/breakfast,Breakfast,Kelloggs Strawberry Corn Flakes 300g,RM 8.90,,https://jgut.jayagrocer.com/products/kelloggs-c-flakes-strawberry-300g-1?variant=42522452754593
https://jgut.jayagrocer.com/collections/breakfast,Breakfast,St. Dalfour Four Fruit Jam 284g,RM 15.90,,https://jgut.jayagrocer.com/products/st-dalfour-four-fruit-jam-284g-1?variant=40939237736609
https://jgut.jayagrocer.com/collections/breakfast,Breakfast,Planta Margarine 240g,RM 6.75,RM 7.59,https://jgut.jayagrocer.com/products/planta-margarine-240g-1?variant=40939203723425
https://jgut.jayagrocer.com/collections/breakfast,Breakfast,St. Dalfour Raspberry Jam 500g,RM 23.40,,https://jgut.jayagrocer.com/products/st-dalfour-raspberry-jam-500g-1?variant=40940373835937
https://jgut.jayagrocer.com/collections/breakfast,Breakfast,Twinings English Breakfast Black Tea 2g x 25,RM 22.90,,https://jgut.jayagrocer.com/products/twinings-english-breakfast-black-tea-2g-x-26?variant=40939883593889
https://jgut.jayagrocer.com/collections/breakfast,Breakfast,Coles Premium Strawberry Jam 345g,RM 13.90,,https://jgut.jayagrocer.com/products/coles-premium-strawberry-jam-345g-1?variant=41975002792097
https://jgut.jayagrocer.com/collections/breakfast,Breakfast,Gourmessa Beef Breakfast Streaky 100g,RM 14.50,,https://jgut.jayagrocer.com/products/gourmessa-beef-breakfast-streaky-100g-1?variant=40939856199841
https://jgut.jayagrocer.com/collections/breakfast,Breakfast,Ladys Choice Chocolate Stripe 500g,RM 21.50,,https://jgut.jayagrocer.com/products/lady-s-choice-chocolate-chunky-peanut-butter-530g-1?variant=40939206115489
https://jgut.jayagrocer.com/collections/breakfast,Breakfast,St Dalfour Apricot Fruit Spread 284g,RM 15.90,,https://jgut.jayagrocer.com/products/st-dalfour-apricot-284g?variant=40939238260897
https://jgut.jayagrocer.com/collections/breakfast,Breakfast,St Dalfour Black Cherry Fruit Spread 284g,RM 15.20,,https://jgut.jayagrocer.com/products/st-dalfour-black-cherry-284gm-1?variant=40939202904225
https://jgut.jayagrocer.com/collections/breakfast,Breakfast,CED Pure Honey 380g,RM 10.50,,https://jgut.jayagrocer.com/products/ced-pure-honey-380g-1?variant=44710409076897
https://jgut.jayagrocer.com/collections/breakfast,Breakfast,"Carman Almond, Hazelnut And Vanilla Nut Bar 175g",RM 24.90,,https://jgut.jayagrocer.com/products/carman-almond-hazelnut-and-vanilla-nut-bar-175g?variant=43063312580769
https://jgut.jayagrocer.com/collections/breakfast,Breakfast,Ladys Choice Grape Flavored Stripes Peanut Butter 350g,RM 15.50,,https://jgut.jayagrocer.com/products/lady-s-choice-grape-flavored-stripes-peanut-butter-350g-1?variant=40939205394593
https://jgut.jayagrocer.com/collections/breakfast,Breakfast,St. Dalfour Pineapple and Mango Jam 284g,RM 15.90,,https://jgut.jayagrocer.com/products/st-dalfour-pineapple-mango-284g-1?variant=40939598086305
https://jgut.jayagrocer.com/collections/breakfast,Breakfast,St. Dalfour Cranberry and Blueberry Jam 284g,RM 15.90,,https://jgut.jayagrocer.com/products/st-dalfour-cranberry-blueberry-jam-284g-1?variant=40939647041697
https://jgut.jayagrocer.com/collections/breakfast,Breakfast,Emco Nuts Cereal 375g,RM 11.90,,https://jgut.jayagrocer.com/products/emco-crunchy-nuts-raisins-musli-375g-1?variant=42522378993825
https://jgut.jayagrocer.com/collections/breakfast,Breakfast,Sante Fruit Muesli Cereal Flakes 350g,RM 11.50,,https://jgut.jayagrocer.com/products/sante-fruit-musli-cereal-flakes-350g-1?variant=42522473332897
https://jgut.jayagrocer.com/collections/breakfast,Breakfast,Harraways Rolled Oats 1kg,RM 15.90,,https://jgut.jayagrocer.com/products/harraways-rolled-oats-1kg-1?variant=40940444876961
https://jgut.jayagrocer.com/collections/breakfast,Breakfast,Hero Strawberry Jam 340g,RM 15.20,,https://jgut.jayagrocer.com/products/hero-strawberry-jam-340g-1?variant=40939429462177
https://jgut.jayagrocer.com/collections/breakfast,Breakfast,Carmans Super Berry Muesli Bar 270g,RM 24.90,,https://jgut.jayagrocer.com/products/carmans-super-berry-muesli-bar-270g?variant=40940207931553
https://jgut.jayagrocer.com/collections/breakfast,Breakfast,Emco Crunchy Chocolate & Hazelnuts Musli 750g,RM 18.90,,https://jgut.jayagrocer.com/products/emco-crunchy-chocolate-hazelnuts-musli-750g-1?variant=40939735351457
https://jgut.jayagrocer.com/collections/breakfast,Breakfast,Yeos Seri Kaya Spread 480g,RM 8.90,,https://jgut.jayagrocer.com/products/yeos-original-seri-kaya-coconut-jam-480g?variant=43814530613409
https://jgut.jayagrocer.com/collections/breakfast,Breakfast,Kelloggs Mueslix Orchard Beauty Cereal 355g,RM 18.50,,https://jgut.jayagrocer.com/products/kelloggs-mueslix-orchard-beauty-cereal-355g?variant=43880013988001
https://jgut.jayagrocer.com/collections/breakfast,Breakfast,ST Dalfour Peach 284g,RM 15.90,,https://jgut.jayagrocer.com/products/st-dalfour-peach-284g?variant=40939238654113
https://jgut.jayagrocer.com/collections/breakfast,Breakfast,Planta Margarine 480g,RM 10.99,RM 12.90,https://jgut.jayagrocer.com/products/planta-margarine-480g-1?variant=41498948108449
https://jgut.jayagrocer.com/collections/breakfast,Breakfast,Tasti Chocolate Almond Nut Bar 210g,RM 16.70,,https://jgut.jayagrocer.com/products/tasti-choc-almond-nut-bar-6sx35g?variant=40940391989409
https://jgut.jayagrocer.com/collections/breakfast,Breakfast,Naked Superfood Low Sugar Granola Chocolate Flavour 288g,RM 13.80,,https://jgut.jayagrocer.com/products/naked-superfood-l-s-granola-choc-288g?variant=42689866104993
https://jgut.jayagrocer.com/collections/breakfast,Breakfast,Natural Valley Oats and Dark Chocolate Cereal Bars 210g,RM 13.90,,https://jgut.jayagrocer.com/products/nature-valley-oats-dark-choc-210g?variant=41975017734305
https://jgut.jayagrocer.com/collections/breakfast,Breakfast,General Mills Trix Cereal 303g,RM 28.90,,https://jgut.jayagrocer.com/products/general-mills-trix-cereal-303g-1?variant=40939461935265
https://jgut.jayagrocer.com/collections/breakfast,Breakfast,Captain Oats Instant Oatmeal 40g x 12,RM 7.70,,https://jgut.jayagrocer.com/products/captain-oats-instant-oatmeal-40gx12-1?variant=40939449843873
https://jgut.jayagrocer.com/collections/breakfast,Breakfast,Gardenia Delicia Hazelnut Chocolate Spread 200g,RM 11.80,,https://jgut.jayagrocer.com/products/gardenia-hazelnut-choc-spread-200g-1?variant=40940004376737
https://jgut.jayagrocer.com/collections/breakfast,Breakfast,Cameron Highland Wild Honey 500g,RM 16.90,,https://jgut.jayagrocer.com/products/cameron-highland-wild-honey-500g-1?variant=40939713953953
https://jgut.jayagrocer.com/collections/breakfast,Breakfast,Quaker 3 in 1 Oat Cereal Drink Berry Burst 30g x 15,RM 12.20,,https://jgut.jayagrocer.com/products/quaker-3-in-1-berry-burst-15x30g?variant=40940389007521
https://jgut.jayagrocer.com/collections/breakfast,Breakfast,Gardenia Auntie Rosies Natural Kaya Spread 200g,RM 3.90,,https://jgut.jayagrocer.com/products/gardenia-auntie-rosies-natural-kaya-spread-200g?variant=44920291328161
https://jgut.jayagrocer.com/collections/breakfast,Breakfast,Skippy Peanut Butter Super Chunk (USA) 462g,RM 22.90,,https://jgut.jayagrocer.com/products/skippy-super-chunk-peanut-butter-spread-462g?variant=42689788084385
https://jgut.jayagrocer.com/collections/breakfast,Breakfast,Pristine Yogood Strawberry Muesli 320g,RM 15.95,,https://jgut.jayagrocer.com/products/pristine-yogood-musli-s-berry-350g-1?variant=40939735842977
https://jgut.jayagrocer.com/collections/breakfast,Breakfast,Nice and Natural Peanut & Almond Roasted Nut Bar 192g,RM 14.90,,https://jgut.jayagrocer.com/products/nice-and-natural-almond-roasted-nut-bar-192g-1?variant=42772583481505
https://jgut.jayagrocer.com/collections/breakfast,Breakfast,Pristine Yogood Crunchy Muesli Fruit & Nut 320g,RM 15.95,,https://jgut.jayagrocer.com/products/pristine-yogood-crunchy-muesli-fruit-nut-350g-1?variant=42522380140705
https://jgut.jayagrocer.com/collections/breakfast,Breakfast,St. Dalfour Blackcurrant Jam 284g,RM 15.90,,https://jgut.jayagrocer.com/products/st-dalfour-blackcurrant-jam-284g-1?variant=40939237277857
https://jgut.jayagrocer.com/collections/breakfast,Breakfast,Bonne Maman Strawberry Jam 370g,RM 19.99,RM 23.90,https://jgut.jayagrocer.com/products/bonne-maman-strawberry-jam-370g-1?variant=44710426116257
https://jgut.jayagrocer.com/collections/breakfast,Breakfast,Nice and Natural Mixed Berry Roasted Nut Bar 192g,RM 14.90,,https://jgut.jayagrocer.com/products/nice-natural-mixed-berry-roasted-nut-bar-192g?variant=42772583547041
https://jgut.jayagrocer.com/collections/breakfast,Breakfast,Carman's Salted Dark Chocolate and Almond Protein Bar 1pack,RM 24.90,,https://jgut.jayagrocer.com/products/carmans-salted-dark-chocolate-and-almond-protein-bar-1pack?variant=44850999656609
https://jgut.jayagrocer.com/collections/breakfast,Breakfast,Coles Maple Flavoured Syrup 375g,RM 9.90,,https://jgut.jayagrocer.com/products/coles-maple-flavoured-syrup-375g?variant=43909813043361
https://jgut.jayagrocer.com/collections/breakfast,Breakfast,Wescobee Pure Australian Honey 375g,RM 22.00,,https://jgut.jayagrocer.com/products/wescobee-honey-ezy-serve-375gm-1?variant=40939528290465
https://jgut.jayagrocer.com/collections/breakfast,Breakfast,Ladys Choice Super Chunk Peanut Butter Spread 170g,RM 9.30,,https://jgut.jayagrocer.com/products/ladys-choice-super-chunk-peanut-butter-spread-175g?variant=42981956714657
https://jgut.jayagrocer.com/collections/breakfast,Breakfast,Yogood Glow Berries & Chia Parfait Muesli 320g,RM 16.75,,https://jgut.jayagrocer.com/products/yogood-glow-p-muesli-berries-chia-350g?variant=42522476282017
https://jgut.jayagrocer.com/collections/breakfast,Breakfast,St. Dalfour Orange and Ginger Jam 284g,RM 15.90,,https://jgut.jayagrocer.com/products/st-dalfour-orange-and-ginger-jam-284g-1?variant=40939203035297
https://jgut.jayagrocer.com/collections/breakfast,Breakfast,Kelloggâ€™s Raisin & Almond Crunch Mueslix 355g,RM 18.50,,https://jgut.jayagrocer.com/products/kellogg-s-raisin-almond-crunch-mueslix-375g-1?variant=40940381634721
https://jgut.jayagrocer.com/collections/breakfast,Breakfast,General Mills Multi Grain Cheerios Cereal 255g,RM 28.90,,https://jgut.jayagrocer.com/products/general-mills-multi-grain-cheerios-cereal-255g-1?variant=40939838996641
https://jgut.jayagrocer.com/collections/breakfast,Breakfast,Monster Health Food Co Tropical Muesli 700g,RM 23.90,,https://jgut.jayagrocer.com/products/monster-health-food-co-tropical-muesli-700g-1?variant=40939406786721
https://jgut.jayagrocer.com/collections/breakfast,Breakfast,Naked Superfood Low Sugar Granola Original 288g,RM 13.80,,https://jgut.jayagrocer.com/products/naked-superfood-l-s-granola-ori-288g?variant=43687489994913
https://jgut.jayagrocer.com/collections/breakfast,Breakfast,Emco Crunchy Chocolate and Hazelnuts Muesli 375g,RM 11.90,,https://jgut.jayagrocer.com/products/emco-crunchy-chocolate-hazelnuts-musli-375g-1?variant=40939735318689
https://jgut.jayagrocer.com/collections/breakfast,Breakfast,Skippy Peanut Butter Creamy 340g,RM 15.15,,https://jgut.jayagrocer.com/products/skippy-peanut-butter-creamy-340g?variant=44920294080673
https://jgut.jayagrocer.com/collections/breakfast,Breakfast,Hershey's Delicious Strawberry Syrup 623g,RM 16.49,RM 20.50,https://jgut.jayagrocer.com/products/hershey-strawberry-syrup-623gm-1?variant=41974893510817
https://jgut.jayagrocer.com/collections/breakfast,Breakfast,Ladys Choice Peanut Butter Spread 340g,RM 15.50,,https://jgut.jayagrocer.com/products/lady-s-choice-peanut-butter-spread-340g-1?variant=40939205623969
https://jgut.jayagrocer.com/collections/breakfast,Breakfast,St Dalfour Mango and Passion Fruit Spread 284g,RM 15.90,,https://jgut.jayagrocer.com/products/st-dalfour-mango-passion-fruit-284g?variant=41974989848737
https://jgut.jayagrocer.com/collections/breakfast,Breakfast,Coles Speculoos Smooth Biscuit Spread 350g,RM 17.90,,https://jgut.jayagrocer.com/products/coles-speculoos-smooth-biscuit-spread-350g?variant=40566368829601
https://jgut.jayagrocer.com/collections/breakfast,Breakfast,Yogood Go Milk Chocolate Protein Bar 35g,RM 16.90,,https://jgut.jayagrocer.com/products/yogood-go-milk-chocolate-protein-bar-35g?variant=44990766317729
https://jgut.jayagrocer.com/collections/breakfast,Breakfast,Natural Valley Oats and Honey Cereal Bars 210g,RM 13.90,,https://jgut.jayagrocer.com/products/nature-valley-oats-honey-210g?variant=42689865220257
https://jgut.jayagrocer.com/collections/breakfast,Breakfast,Nestle Fitnesse Oats & Honey Granola 300g,RM 18.40,,https://jgut.jayagrocer.com/products/nestle-fitnesse-oats-honey-granola-300g-1?variant=42522484900001
https://jgut.jayagrocer.com/collections/breakfast,Breakfast,Al-Shifa Natural Honey 500g,RM 28.70,,https://jgut.jayagrocer.com/products/al-shifa-natural-honey-500g-1?variant=40939430609057
https://jgut.jayagrocer.com/collections/breakfast,Breakfast,Steffis Choice Strawberry Jam 340g,RM 12.30,,https://jgut.jayagrocer.com/products/steffis-choice-strawberry-jam-340g?variant=44586837311649
https://jgut.jayagrocer.com/collections/breakfast,Breakfast,Kelloggs Dark Chocolate Granola 220g,RM 23.50,,https://jgut.jayagrocer.com/products/kelloggs-dark-chocolate-granola-220g?variant=43889759715489
https://jgut.jayagrocer.com/collections/breakfast,Breakfast,Naturel Soft Margarine Reduce Salt Spread 500g,RM 12.50,,https://jgut.jayagrocer.com/products/naturel-s-margerine-reduced-salt-500g-1?variant=40939606343841
https://jgut.jayagrocer.com/collections/breakfast,Breakfast,Naturel Soft Margarine Reduce Fat Spread 500g,RM 12.50,,https://jgut.jayagrocer.com/products/naturel-soft-margarine-reduce-fat-spread-500g?variant=43824991633569
https://jgut.jayagrocer.com/collections/breakfast,Breakfast,Bonne Maman Apricot Jam 370g,RM 19.99,RM 23.90,https://jgut.jayagrocer.com/products/bonne-maman-apricot-jam-370g-1?variant=43842757132449
https://jgut.jayagrocer.com/collections/breakfast,Breakfast,Cadbury Milk Chocolate Spread 400g,RM 32.90,,https://jgut.jayagrocer.com/products/cadbury-milk-chocolate-spread-400g-1?variant=40940023218337
https://jgut.jayagrocer.com/collections/breakfast,Breakfast,Hershey Caramel Syrup 623g,RM 20.50,,https://jgut.jayagrocer.com/products/hershey-caramel-syrup-623g?variant=43337881911457
https://jgut.jayagrocer.com/collections/breakfast,Breakfast,Starbucks Nespresso Breakfast Blend Capsule Stick 56g,RM 28.90,,https://jgut.jayagrocer.com/products/starbucks-nespresso-breakfast-blend-capsule-stick-56g?variant=44499112460449
https://jgut.jayagrocer.com/collections/breakfast,Breakfast,Nestle Cerelac Rice and Mixed Vegetables 250g,RM 13.30,,https://jgut.jayagrocer.com/products/nestle-cerelac-rice-mixed-vege-250g?variant=40939173740705
https://jgut.jayagrocer.com/collections/breakfast,Breakfast,Nature Valley Crunchy Oats and Apple Crisp Granola Snack Bars 210g,RM 13.90,,https://jgut.jayagrocer.com/products/nature-valley-crunchy-oats-and-apple-crisp-granola-snack-bras-210g?variant=42768426631329
https://jgut.jayagrocer.com/collections/breakfast,Breakfast,Sainsburys Taste The Difference Pure Can Red Maple Syrup 250g,RM 26.90,,https://jgut.jayagrocer.com/products/sainsburys-taste-the-difference-pure-can-red-maple-syrup-250g?variant=44739967647905
https://jgut.jayagrocer.com/collections/breakfast,Breakfast,Orgran Gluten Free Multigrain O's with Quinoa 300g,RM 23.50,,https://jgut.jayagrocer.com/products/orgran-m-grain-b-fast-os-quinoa-300g-1?variant=40940044976289
https://jgut.jayagrocer.com/collections/breakfast,Breakfast,General Mills Reeses Puffs Cereal 326g,RM 28.90,,https://jgut.jayagrocer.com/products/general-mills-reese-s-puffs-cereal-326g-1?variant=43135458541729
https://jgut.jayagrocer.com/collections/breakfast,Breakfast,Captain Oats Quick Cook Oatmeal 1kg,RM 13.50,,https://jgut.jayagrocer.com/products/captain-oats-quick-cook-oatmeal-1kg-1?variant=42522420969633
https://jgut.jayagrocer.com/collections/breakfast,Breakfast,Coles Caramel Dulce De Leche 430g,RM 22.90,,https://jgut.jayagrocer.com/products/coles-caramel-dulce-de-leche-430g?variant=40591460794529
https://jgut.jayagrocer.com/collections/breakfast,Breakfast,Bonne Maman Raspberry Jam 370g,RM 19.99,RM 23.90,https://jgut.jayagrocer.com/products/bonne-maman-raspberry-jam-370g-1?variant=44710426083489
https://jgut.jayagrocer.com/collections/breakfast,Breakfast,Nature Valley Crunchy Oats and Roasted Almond Granola Bars 210g,RM 13.90,,https://jgut.jayagrocer.com/products/nature-valley-crunchy-oats-and-roasted-almond-granola-bars-210g?variant=42730577985697
https://jgut.jayagrocer.com/collections/breakfast,Breakfast,JS Meats American Lamb Breakfast Sausage 4pcs/pack,RM 26.90,,https://jgut.jayagrocer.com/products/american-lamb-breakfast-sausage-4pcs-pack?variant=43452076392609
https://jgut.jayagrocer.com/collections/breakfast,Breakfast,Auntie Rosie Kaya (Pandan) 200g,RM 3.90,,https://jgut.jayagrocer.com/products/auntie-rosie-kaya-pandan-200g?variant=44920294015137
https://jgut.jayagrocer.com/collections/breakfast,Breakfast,Oriental Pandan Kaya 260g,RM 9.90,,https://jgut.jayagrocer.com/products/oriental-pandan-kaya-260g?variant=44935412678817
https://jgut.jayagrocer.com/collections/breakfast,Breakfast,Yogood Glow Parfait Muesli Variety Pack 35g x 6,RM 16.75,,https://jgut.jayagrocer.com/products/yogood-glow-parfait-muesli-variety-pack-35g-x-7?variant=42522480050337
https://jgut.jayagrocer.com/collections/breakfast,Breakfast,Gourmessa Chicken Breakfast Sausage 220g,RM 15.80,,https://jgut.jayagrocer.com/products/gourmessa-chicken-breakfast-sausage-100g-1?variant=40939855773857
https://jgut.jayagrocer.com/collections/breakfast,Breakfast,Cave Nut Natural Peanut Butter Spread (Chunky) 380g,RM 19.90,,https://jgut.jayagrocer.com/products/cave-nut-natural-peanut-butter-spread-chunky-380g?variant=45002124656801
https://jgut.jayagrocer.com/collections/breakfast,Breakfast,Tasti Double Chocolate Mega Nuts 240g,RM 16.70,,https://jgut.jayagrocer.com/products/tasti-double-choc-mega-nuts-240g-1?variant=40940391792801
https://jgut.jayagrocer.com/collections/breakfast,Breakfast,CED Peanut Butter Chocolate Spread 500g,RM 16.50,,https://jgut.jayagrocer.com/products/ced-peanut-butter-chocolate-500g?variant=43337868935329
https://jgut.jayagrocer.com/collections/breakfast,Breakfast,Naked Superfood Low Sugar Granola Gula Melaka 288g,RM 13.80,,https://jgut.jayagrocer.com/products/naked-superfood-low-sugar-granola-gula-melaka-288g?variant=44910270349473
https://jgut.jayagrocer.com/collections/breakfast,Breakfast,Yogood Blissful Blueberry & Cranberry Gourmet Muesli 360g,RM 15.95,,https://jgut.jayagrocer.com/products/yogood-blissful-blueberry-cranberry-gourmet-muesli-360g-1?variant=42522442694817
https://jgut.jayagrocer.com/collections/breakfast,Breakfast,Captain Instant Rolled Oats 800g,RM 9.90,,https://jgut.jayagrocer.com/products/captain-instant-rolled-oats-800g?variant=43337880928417
https://jgut.jayagrocer.com/collections/breakfast,Breakfast,Emco Musli Crunchy with Strawberries & Almonds 375g,RM 11.90,,https://jgut.jayagrocer.com/products/emco-musli-crunchy-with-strawberries-almonds-375g-1?variant=42522379747489
https://jgut.jayagrocer.com/collections/breakfast,Breakfast,Skippy Creamy Peanut Butter (USA) 462g,RM 22.90,,https://jgut.jayagrocer.com/products/skippy-creamy-peanut-butter-usa-462g?variant=43842707325089
https://jgut.jayagrocer.com/collections/breakfast,Breakfast,Rokeby Farms Double Espresso Protein Smoothie 425ml,RM 13.90,,https://jgut.jayagrocer.com/products/rokeby-farms-whole-protein-iced-coffee-breakfast-smoothie-425ml-1?variant=43416466456737
https://jgut.jayagrocer.com/collections/breakfast,Breakfast,Health Food Co Monster Sports Muesli 700g,RM 23.90,,https://jgut.jayagrocer.com/products/monster-muesli-sports-muesli-700g-1?variant=40939406950561
https://jgut.jayagrocer.com/collections/breakfast,Breakfast,Oriental Traditional Kaya 260g,RM 9.90,,https://jgut.jayagrocer.com/products/oriental-traditional-kaya-260g?variant=44935630258337
https://jgut.jayagrocer.com/collections/breakfast,Breakfast,Smucker Goober Grape Jelly 510g,RM 25.90,,https://jgut.jayagrocer.com/products/smuckers-goober-grape-peanut-butter-jelly-510g?variant=42961780998305
https://jgut.jayagrocer.com/collections/breakfast,Breakfast,Cavenut Natural Peanut Butter Spread Smooth 380g,RM 19.90,,https://jgut.jayagrocer.com/products/cave-nut-natural-peanut-butter-spread-smooth-380g?variant=45002305274017
https://jgut.jayagrocer.com/collections/breakfast,Breakfast,Yogood Go Dark Chocolate Protein Bar 35g,RM 16.90,,https://jgut.jayagrocer.com/products/yogood-go-dark-chocolate-protein-bar-35g?variant=44990766350497
https://jgut.jayagrocer.com/collections/breakfast,Breakfast,Lotus Biscoff Spread Smooth 400g,RM 27.50,,https://jgut.jayagrocer.com/products/lotus-biscoff-spread-smooth-400g?variant=44670958043297
https://jgut.jayagrocer.com/collections/breakfast,Breakfast,Sainsburys Js Honey Hoops 375g,RM 21.90,,https://jgut.jayagrocer.com/products/sainsburys-js-honey-hoops-375g?variant=44739969122465
https://jgut.jayagrocer.com/collections/breakfast,Breakfast,Steffis Choice Raspberry Jam 340g,RM 12.30,,https://jgut.jayagrocer.com/products/steffis-choice-raspberry-jam-340g?variant=44710408585377
https://jgut.jayagrocer.com/collections/breakfast,Breakfast,Country Farm Organic Natural Rainforest Acacia Mangium Honey 1kg x 3,RM 137.00,,https://jgut.jayagrocer.com/products/country-farm-nat-acacia-honey-1kg-x-3?variant=44910273265825
https://jgut.jayagrocer.com/collections/breakfast,Breakfast,Steffis Choice Wild Berries Jam 340g,RM 12.30,,https://jgut.jayagrocer.com/products/steffis-choice-wild-berries-jam-340g?variant=44910260486305
https://jgut.jayagrocer.com/collections/breakfast,Breakfast,Go Natural Delight Chop Breakfast Bar Nut 175g,RM 23.90,,https://jgut.jayagrocer.com/products/go-natural-b-bar-nut-delight-chop-175g?variant=40939974066337
https://jgut.jayagrocer.com/collections/breakfast,Breakfast,Country Farm Organic Quick Oats 500g,RM 11.90,,https://jgut.jayagrocer.com/products/country-farm-organic-quick-oats-500g?variant=43898261012641
https://jgut.jayagrocer.com/collections/breakfast,Breakfast,Yogood Cran & Berries Gourmet Muesli 370g,RM 15.95,,https://jgut.jayagrocer.com/products/yogood-cran-berries-gourmet-muesli-370g-1?variant=42522431258785
https://jgut.jayagrocer.com/collections/breakfast,Breakfast,St Dalfour Apple and Cinnamon Fruit Spread 284g,RM 15.90,,https://jgut.jayagrocer.com/products/st-dalfour-apple-cinnamon-284g?variant=41974989815969
https://jgut.jayagrocer.com/collections/breakfast,Breakfast,Amazin' Graze Goodness in a Bowl Apple Cinnamon Oat-Based Meal 240g,RM 17.90,,https://jgut.jayagrocer.com/products/amazin-graze-goodness-in-a-bowl-apple-cinnamon-oat-based-meal-240g?variant=42522501775521
https://jgut.jayagrocer.com/collections/breakfast,Breakfast,Yogood Nuts Inc. Gourmet Muesli 370g,RM 15.95,,https://jgut.jayagrocer.com/products/yogood-nuts-inc-gourmet-muesli-370g-1?variant=42522431291553
https://jgut.jayagrocer.com/collections/breakfast,Breakfast,Steffi's Sugar Free Seri Kaya 220g,RM 11.50,,https://jgut.jayagrocer.com/products/steffis-sugar-free-seri-kaya-220g?variant=45013479948449
https://jgut.jayagrocer.com/collections/breakfast,Breakfast,Serious Popcorn Better Butter 70g,RM 13.90,,https://jgut.jayagrocer.com/products/serious-popcorn-better-butter-70g?variant=45002118201505
https://jgut.jayagrocer.com/collections/breakfast,Breakfast,Kelloggs Honey Crunch Corn Flakes 250g,RM 8.80,,https://jgut.jayagrocer.com/products/kelloggs-honey-crunch-corn-flakes-250g?variant=44929938030753
https://jgut.jayagrocer.com/collections/breakfast,Breakfast,Smuckers Blueberry Preserves 340g,RM 14.80,,https://jgut.jayagrocer.com/products/smuckers-blueberry-preserves-340g?variant=44949937553569
https://jgut.jayagrocer.com/collections/breakfast,Breakfast,Ahmad Tea London English Breakfast Tea 100pcs/pack,RM 21.50,,https://jgut.jayagrocer.com/products/ahmad-tea-london-english-breakfast-tea-100pcs-pack?variant=44949926510753
https://jgut.jayagrocer.com/collections/breakfast,Breakfast,Skippy Peanut Butter Super Chunk 340g,RM 15.15,,https://jgut.jayagrocer.com/products/skippy-peanut-butter-super-chunk-340g?variant=44920294047905
https://jgut.jayagrocer.com/collections/breakfast,Breakfast,Nestle Kit Kat Cereal 330g,RM 16.90,,https://jgut.jayagrocer.com/products/nestle-kit-kat-cereal-330g?variant=44242916180129
https://jgut.jayagrocer.com/collections/breakfast,Breakfast,Nestle Trix Breakfast Cereal 330g,RM 12.90,,https://jgut.jayagrocer.com/products/nestle-trix-330g?variant=42689864335521
https://jgut.jayagrocer.com/collections/breakfast,Breakfast,Captain Oats Granola Strawberry Yoghurt 220g,RM 16.90,,https://jgut.jayagrocer.com/products/captain-oats-g-nola-s-berry-yoghurt-220g?variant=43842934145185
https://jgut.jayagrocer.com/collections/breakfast,Breakfast,Captain Oats Granola Gula Melaka 220g,RM 16.90,,https://jgut.jayagrocer.com/products/captain-oats-granola-gula-melaka-220g?variant=43842933325985
https://jgut.jayagrocer.com/collections/breakfast,Breakfast,Nestle Cerelac Wheat and Honey Cereal 225g,RM 9.90,,https://jgut.jayagrocer.com/products/nestle-cerelac-wheat-and-honey-cereal-225g?variant=43825211048097
https://jgut.jayagrocer.com/collections/breakfast,Breakfast,Homesoy Instant Breakfast Soya Original 32g x 10,RM 10.70,,https://jgut.jayagrocer.com/products/homesoy-instant-breakfast-soya-original-32g-x-10?variant=43814415794337
https://jgut.jayagrocer.com/collections/breakfast,Breakfast,St. Dalfour Strawberry Rhubarb 284g,RM 15.90,,https://jgut.jayagrocer.com/products/st-dalfour-strawberry-rhubarb-284g?variant=43063373922465
https://jgut.jayagrocer.com/collections/breakfast,Breakfast,St. Dalfour Raspberry with Pomegranate Jam 284g,RM 15.90,,https://jgut.jayagrocer.com/products/st-dalfour-raspberry-with-pomegranate-jam-284g-1?variant=42770351882401
https://jgut.jayagrocer.com/collections/breakfast,Breakfast,New Zealand Raw Unblended Manuka Honey 500g,RM 109.00,,https://jgut.jayagrocer.com/products/new-zealand-raw-unblended-manuka-honey-500g-1?variant=44710420480161
https://jgut.jayagrocer.com/collections/breakfast,Breakfast,Ladys Choice Grape Flavored Stripes Peanut Butter 530g,RM 19.90,,https://jgut.jayagrocer.com/products/ladys-choice-grape-flavored-stripes-peanut-butter-530g?variant=42981956583585
https://jgut.jayagrocer.com/collections/breakfast,Breakfast,St. Dalfour French Grape 284g,RM 15.90,,https://jgut.jayagrocer.com/products/st-dalfour-french-grape-284g?variant=45205610954913
https://jgut.jayagrocer.com/collections/breakfast,Breakfast,ST Dalfour Raspberry Jam 284g,RM 15.90,,https://jgut.jayagrocer.com/products/st-dalfour-raspberry-jam-284g-1?variant=45205594570913
https://jgut.jayagrocer.com/collections/breakfast,Breakfast,Ovomaltine Crunchy Crunchy Cream Spread 380g,RM 29.90,,https://jgut.jayagrocer.com/products/ovomaltine-crunchy-crunchy-cream-spread-380g?variant=45203856294049
https://jgut.jayagrocer.com/collections/breakfast,Breakfast,Ovomaltine Crunchy Crunchy Cream Spread 240g,RM 22.50,,https://jgut.jayagrocer.com/products/ovomaltine-crunchy-crunchy-cream-spread-240g?variant=45203856228513
https://jgut.jayagrocer.com/collections/breakfast,Breakfast,Steffis Choice Blueberry Jam 340g,RM 12.30,,https://jgut.jayagrocer.com/products/steffis-choice-blueberry-jam-340g?variant=44910258716833
https://jgut.jayagrocer.com/collections/breakfast,Breakfast,Al-Shifa Natural Honey 400g,RM 21.99,RM 24.90,https://jgut.jayagrocer.com/products/al-shifa-natural-honey-400g-1?variant=44920488788129
https://jgut.jayagrocer.com/collections/breakfast,Breakfast,Bega Peanut Butter Smooth 375g,RM 15.90,,https://jgut.jayagrocer.com/products/bega-peanut-butter-smooth-375g?variant=44942251294881
https://jgut.jayagrocer.com/collections/breakfast,Breakfast,Naked Superfood Low Sugar Granola Caramel 288g,RM 13.80,,https://jgut.jayagrocer.com/products/naked-superfood-low-sugar-granola-caramel-288g?variant=44910270316705
https://jgut.jayagrocer.com/collections/breakfast,Breakfast,Monster Health Food Co. Free & Lo Muesli 500g,RM 23.90,,https://jgut.jayagrocer.com/products/monster-health-food-co-free-lo-muesli-500g-1?variant=42522489979041
https://jgut.jayagrocer.com/collections/breakfast,Breakfast,Calbee Cuco Banana 600g,RM 38.90,,https://jgut.jayagrocer.com/products/calbee-cuco-banana-granola-600g?variant=41213344284833
https://jgut.jayagrocer.com/collections/breakfast,Breakfast,Emco Toasted Oats 40% Fruits Muesli Cereal Breakfast 750g,RM 18.90,,https://jgut.jayagrocer.com/products/emco-toasted-oats-40-fruits-muesli-cereal-breakfast-750g?variant=44534900195489
https://jgut.jayagrocer.com/collections/breakfast,Breakfast,Symphony Hazelnut Spread 200g,RM 25.90,,https://jgut.jayagrocer.com/products/symphony-hazelnut-spread-200g?variant=45068050202785
https://jgut.jayagrocer.com/collections/breakfast,Breakfast,Symphony Black Sesame Spread 200g,RM 25.90,,https://jgut.jayagrocer.com/products/symphony-black-sesame-spread-200g?variant=45068050170017
https://jgut.jayagrocer.com/collections/breakfast,Breakfast,Symphony Japanese Matcha Spread 200g,RM 25.90,,https://jgut.jayagrocer.com/products/symphony-japanese-matcha-spread-200g?variant=45067964154017
https://jgut.jayagrocer.com/collections/breakfast,Breakfast,Barakah Yemen Honey 150g,RM 18.00,,https://jgut.jayagrocer.com/products/barakah-yemen-honey-150g?variant=44854026338465
https://jgut.jayagrocer.com/collections/breakfast,Breakfast,Go Natural Macadamia Dream Snack Bar 50g,RM 10.50,,https://jgut.jayagrocer.com/products/go-natural-macadamia-dream-snack-bar-50g-1?variant=42522429751457
https://jgut.jayagrocer.com/collections/breakfast,Breakfast,Post Oreo Puffs 283g,RM 36.90,,https://jgut.jayagrocer.com/products/post-oreo-puffs-283g?variant=45017799131297
https://jgut.jayagrocer.com/collections/breakfast,Breakfast,Ayomayo Pistachio Butter (Chunky) 90g,RM 22.90,,https://jgut.jayagrocer.com/products/ayomayo-pistachio-butter-chunky-90g?variant=45013479260321
https://jgut.jayagrocer.com/collections/breakfast,Breakfast,Ayomayo Matcha Almond Butter (Chunky) 180g,RM 28.90,,https://jgut.jayagrocer.com/products/ayomayo-matcha-almond-butter-chunky-180g?variant=45013479030945
https://jgut.jayagrocer.com/collections/breakfast,Breakfast,Ayomayo Genmaicha Almond Butter (Chunky) 180g,RM 28.90,,https://jgut.jayagrocer.com/products/ayomayo-genmaicha-almond-butter-chunky-180g?variant=45013478998177
https://jgut.jayagrocer.com/collections/breakfast,Breakfast,Ceit Pistachio Spread 130g,RM 23.90,,https://jgut.jayagrocer.com/products/ceit-pistachio-spread-130g?variant=45002053091489
https://jgut.jayagrocer.com/collections/breakfast,Breakfast,Cave Nut Peanut Butter Spread Smooth Zero 380g,RM 19.90,,https://jgut.jayagrocer.com/products/cave-nut-peanut-butter-spread-smooth-zero-380g?variant=45002304979105
https://jgut.jayagrocer.com/collections/breakfast,Breakfast,Ayomayo Dark Chocolate Almond Butter (Chunky) 180g,RM 28.90,,https://jgut.jayagrocer.com/products/ayomayo-dark-chocolate-almond-butter-chunky-180g?variant=45013479129249
https://jgut.jayagrocer.com/collections/breakfast,Breakfast,Ayomayo Classic Almond Butter (Chunky) 180g,RM 26.90,,https://jgut.jayagrocer.com/products/ayomayo-classic-almond-butter-chunky-180g?variant=45013478932641
https://jgut.jayagrocer.com/collections/breakfast,Breakfast,Cave Nut Peanut Butter Spread Chunky Zero 380g,RM 19.90,,https://jgut.jayagrocer.com/products/cave-nut-peanut-butter-spread-chunky-zero-380g?variant=45002361176225
https://jgut.jayagrocer.com/collections/breakfast,Breakfast,Fix & Fogg Everything Butter Spread 275g,RM 29.90,,https://jgut.jayagrocer.com/products/fix-fogg-everything-butter-spread-275g?variant=45002052960417
https://jgut.jayagrocer.com/collections/breakfast,Breakfast,Fix & Fogg Smooth Peanut Butter Spread 375g,RM 29.90,,https://jgut.jayagrocer.com/products/fix-fogg-smooth-peanut-butter-spread-375g?variant=45002052927649
https://jgut.jayagrocer.com/collections/breakfast,Breakfast,Serious Popcorn Dark Chocolate Drizzle 70g,RM 18.90,,https://jgut.jayagrocer.com/products/serious-popcorn-dark-chocolate-drizzle-70g?variant=45002052599969
https://jgut.jayagrocer.com/collections/breakfast,Breakfast,Fix & Fogg Crunchy Peanut Butter Super Crunchy 375g,RM 29.90,,https://jgut.jayagrocer.com/products/fix-fogg-crunchy-peanut-butter-super-crunchy-375g?variant=45001860350113
https://jgut.jayagrocer.com/collections/breakfast,Breakfast,Carman's Salted Caramel Nut with Butter Protein Bar 1pack,RM 24.90,,https://jgut.jayagrocer.com/products/carmans-salted-caramel-nut-with-butter-protein-bar-1pack?variant=44850999623841
https://jgut.jayagrocer.com/collections/breakfast,Breakfast,Sainsburys Js Choco Hoops 375g,RM 21.90,,https://jgut.jayagrocer.com/products/sainsburys-js-choco-hoops-375g?variant=44739969450145
https://jgut.jayagrocer.com/collections/breakfast,Breakfast,Barkers Jam Nz Apricot Spread 350g,RM 18.90,,https://jgut.jayagrocer.com/products/barkers-jam-nz-apricot-350gm?variant=43037797974177
https://jgut.jayagrocer.com/collections/breakfast,Breakfast,Ladys Choice Butter Creamy Peanut Spread 170g,RM 9.30,,https://jgut.jayagrocer.com/products/ladys-choice-butter-creamy-peanut-spread-175g?variant=42981956681889
https://jgut.jayagrocer.com/collections/breakfast,Breakfast,Smuckers Strawberry Preserves 340g,RM 14.80,,https://jgut.jayagrocer.com/products/smuckers-strawberry-preserves-340g?variant=44949937455265
https://jgut.jayagrocer.com/collections/breakfast,Breakfast,Nice and Natural Roasted Nut Bar Chocolate 192g,RM 14.90,,https://jgut.jayagrocer.com/products/nice-and-natural-roasted-nut-bar-chocolate-192g?variant=42772639318177
https://jgut.jayagrocer.com/collections/breakfast,Breakfast,Delfi Chocolate Spread with Double Hazelnut 350g,RM 19.90,,https://jgut.jayagrocer.com/products/delfi-chocolate-spread-with-double-hazelnut-350g?variant=44920551276705
https://jgut.jayagrocer.com/collections/breakfast,Breakfast,Ced Blossom Longan Honey 380g,RM 19.00,,https://jgut.jayagrocer.com/products/ced-blossom-longan-honey-380g?variant=41974990635169
https://jgut.jayagrocer.com/collections/breakfast,Breakfast,Mornflake Heart Healthy Oatbran Flakes 500g,RM 24.90,,https://jgut.jayagrocer.com/products/mornflake-heart-healthy-oatbran-flakes-500g-1?variant=42522421559457
https://jgut.jayagrocer.com/collections/breakfast,Breakfast,"Carman's Cashew Nut, Yoghurt and Roasted Nut Protein Bar 1pack",RM 24.90,,https://jgut.jayagrocer.com/products/carmans-cashew-nut-yoghurt-and-roasted-nut-protein-bar-1pack?variant=44850999689377
https://jgut.jayagrocer.com/collections/breakfast,Breakfast,7 Bahar Honey Comb 400g,RM 39.90,,https://jgut.jayagrocer.com/products/7-bahar-honey-comb-400g?variant=44854030663841
https://jgut.jayagrocer.com/collections/breakfast,Breakfast,Barakah Yemen Honey 450g,RM 46.50,,https://jgut.jayagrocer.com/products/barakah-yemen-honey-450g?variant=44854026305697
https://jgut.jayagrocer.com/collections/breakfast,Breakfast,Barakah Yemen Honey 1kg,RM 92.00,,https://jgut.jayagrocer.com/products/barakah-yemen-honey-1kg?variant=44854026272929
https://jgut.jayagrocer.com/collections/breakfast,Breakfast,Barakah Yemen Honey 600g,RM 60.00,,https://jgut.jayagrocer.com/products/barakah-yemen-honey-600g?variant=44854026076321
https://jgut.jayagrocer.com/collections/breakfast,Breakfast,Ladys Choice Chocolate Milk Stripe Peanut Butter 330g,RM 16.50,,https://jgut.jayagrocer.com/products/ladys-choice-chocolate-milk-stripe-peanut-butter-350g?variant=42981957107873
https://jgut.jayagrocer.com/collections/breakfast,Breakfast,Sainsburys Taste The Difference Blueberry Conserve 340g,RM 17.50,,https://jgut.jayagrocer.com/products/sainsburys-taste-the-difference-blueberry-conserve-340g?variant=44739970793633
https://jgut.jayagrocer.com/collections/breakfast,Breakfast,Sainsburys Taste The Difference Blackcurrant  Conserve 340g,RM 15.50,,https://jgut.jayagrocer.com/products/sainsburys-taste-the-difference-blackcurrant-conserve-340g?variant=44739970367649
https://jgut.jayagrocer.com/collections/breakfast,Breakfast,Yogood Glow Nuts & Chia Parfait Muesli 320g,RM 16.75,,https://jgut.jayagrocer.com/products/yogood-glow-nuts-chia-parfait-muesli-350g-1?variant=42522476642465
https://jgut.jayagrocer.com/collections/breakfast,Breakfast,Go Natural By Bar Almond and Apricot 175g,RM 23.90,,https://jgut.jayagrocer.com/products/go-natural-almond-apricot-coconut-delight-bars-175g-1?variant=42522437845153
https://jgut.jayagrocer.com/collections/breakfast,Breakfast,Ladys Choice Chocolate Milk Stripe Peanut Butter Spread 170g,RM 10.50,,https://jgut.jayagrocer.com/products/ladys-choice-chocolate-milk-stripe-peanut-butter-spread-175g?variant=44587276927137
https://jgut.jayagrocer.com/collections/breakfast,Breakfast,Kelloggs Super Berry Granola 220g,RM 23.50,,https://jgut.jayagrocer.com/products/kelloggs-super-berry-granola-220g?variant=43383588061345
https://jgut.jayagrocer.com/collections/breakfast,Breakfast,Alshifa Natural Honey 1kg,RM 56.40,,https://jgut.jayagrocer.com/products/alshifa-natural-honey-1kg-1?variant=43383577641121
https://jgut.jayagrocer.com/collections/breakfast,Breakfast,Aga Golden Honey Squeeze 375g,RM 9.60,,https://jgut.jayagrocer.com/products/aga-golden-honey-squeeze-375g-1?variant=43337871622305
https://jgut.jayagrocer.com/collections/breakfast,Breakfast,"Nestle Fitnesse Quinoa, Almonds and Chocolate Granola Oats 300g",RM 18.40,,https://jgut.jayagrocer.com/products/nestle-f-nesse-q-noa-a-mds-c-g-o-300g-300g?variant=42522502299809
https://jgut.jayagrocer.com/collections/breakfast,Breakfast,St. Dalfour Blackberry Jam 284g,RM 15.90,,https://jgut.jayagrocer.com/products/st-dalfour-blackberry-jam-284g-1?variant=42769076912289
